{"schemaVersion":"1.0","appDefinitionTemplate":{"id":"/providers/Microsoft.PowerApps/apps/","type":"Microsoft.PowerApps/apps","tags":{"primaryDeviceWidth":"2512","primaryDeviceHeight":"1186","supportsPortrait":"true","supportsLandscape":"true","primaryFormFactor":"Tablet","publisherVersion":"3.22111.19","minimumRequiredApiVersion":"2.2.0","hasComponent":"false","hasUnlockedComponent":"false","isUnifiedRootApp":"false","sienaVersion":"20221129T154638Z-3.22111.19.0"},"properties":{"appVersion":"2022-11-29T15:46:38Z","lifeCycleId":"Published","createdByClientVersion":{"major":3,"minor":22111,"build":19,"revision":0,"majorRevision":0,"minorRevision":0},"minClientVersion":{"major":3,"minor":22111,"build":19,"revision":0,"majorRevision":0,"minorRevision":0},"backgroundColor":"rgba(255, 255, 255, 1)","backgroundImageUri":"/13172782228137457401/Nb22049e7-60e5-412b-8c72-c91531bb8c9a-logoSmallFile","displayName":"Advent Calendar - Daimler Truck","description":"","commitMessage":"","appUris":{"documentUri":{"value":"/13172782228137457401/Ndc2a95cb-7e51-4f07-a7f9-d89eaf2e8bec-document.msapp"},"imageUris":[],"additionalUris":[]},"createdTime":"0001-01-01T00:00:00Z","lastModifiedTime":"0001-01-01T00:00:00Z","sharedGroupsCount":0,"sharedUsersCount":0,"icons":{"smallIconUri":"/13172782228137457401/Nf77c4b03-6218-4a1c-b61e-f2a3c5d56320-small.png","mediumIconUri":"/13172782228137457401/N83947d3a-7df7-4575-b91c-9803e24e68ab-medium.png","largeIconUri":"/13172782228137457401/N6d32975a-0aff-4bc5-ba5a-26ba0e15d36a-large.png","wideIconUri":"/13172782228137457401/N2d928975-97ef-42b7-a5dd-c43e1cb13d06-wide.png"},"connectionReferences":{"2bca3e34-3322-43ff-b504-7521d117399d":{"id":"a0722e19-80b8-4b61-82ec-f8d5dfe80ed2","displayName":"RSS","iconUri":"https://connectoricons-prod.azureedge.net/releases/v1.0.1590/1.0.1590.2954/rss/icon.png","dataSources":["RSS"],"dependencies":[],"dependents":[],"parameterHints":{},"parameterHintsV2":{},"isOnPremiseConnection":false,"bypassConsent":false,"dataSets":{},"apiTier":"Standard","isCustomApiConnection":false,"actions":["ListFeedItems"]}},"databaseReferences":{},"almMode":"Environment","performanceOptimizationEnabled":true,"canConsumeAppPass":true,"enableModernRuntimeMode":false,"executionRestrictions":{"isTeamsOnly":false,"dataLossPreventionEvaluationResult":{"status":"Compliant","lastEvaluationDate":"2022-11-29T14:49:31.6800317Z","violations":[],"violationsByPolicy":[],"violationErrorMessage":"The app uses the following connectors: shared_rss."}}},"appType":"ClassicCanvasApp","appComponents":[]}}